year,strategy,total_return,cagr,annualized_volatility,sharpe_ratio,sortino_ratio,calmar_ratio,max_drawdown,time_under_water_days,avg_time_under_water_days,var_95_daily,cvar_95_daily,worst_month,worst_year,hit_rate,average_win,average_loss,profit_factor,turnover,annual_turnover,exposure_ratio,active_day_ratio,return_per_unit_drawdown,return_per_unit_exposure,total_points,number_of_trades,trade_hit_rate,avg_trade_return,avg_trade_points,avg_holding_days
2006,Buy & Hold,1.4435492889840478,1.4699949008640232,0.3226971651082768,2.967608723766087,4.545005577275796,3.993412510848724,-0.36810494705231533,148.0,12.0,-0.0350304926612768,-0.0414507539230521,-0.1807602792862687,1.4435492889840478,0.570281124497992,0.01721561673238922,-0.01413565204764334,1.63150803970887,1.0,1.0120481927710843,1.0,1.0,3.9215699233156176,1.4435492889840478,444.11625,1.0,1.0,1.4435492889840478,444.11625,249.0
2007,Buy & Hold,0.23311651169905923,0.23729119221132255,0.2729421664680624,0.9159234548878967,1.636299632391602,0.9686845903896127,-0.24496228655385355,204.0,37.666666666666664,-0.026044766098849665,-0.03271109431641771,-0.13762332801284394,0.23311651169905923,0.4879032258064516,0.014772495116592697,-0.012137369589280493,1.1596072656392125,0.0,0.0,1.0,1.0,0.9516424547572546,0.23311651169905923,175.25,1.0,1.0,0.23311651169905923,175.25,248.0
2008,Buy & Hold,-0.6595542706737718,-0.6698754438317314,0.3704545874961725,-2.800221207196386,-5.134497792318391,-0.9729286706247422,-0.6885144451561771,244.0,244.0,-0.042155858551651534,-0.04472196622738941,-0.2399824830304359,-0.6595542706737718,0.44081632653061226,0.017802607910253277,-0.02171274841201929,0.6559319924841382,0.0,0.0,1.0,1.0,-0.957938174447689,-0.6595542706737718,-611.42,1.0,0.0,-0.6595542706737718,-611.42,245.0
2009,Buy & Hold,0.5678073510773147,0.5706186676501226,0.3458024982475953,1.4787830095203658,2.5191939139790267,1.8822574549706232,-0.30315654542541226,57.0,13.6,-0.03541045702930945,-0.04045887661908803,-0.18964379947229582,0.5678073510773147,0.5418326693227091,0.018095305942346963,-0.016970643327553377,1.2609814339307737,0.0,0.0,1.0,1.0,1.8729839736117997,0.5678073510773147,179.2,1.0,1.0,0.5678073510773147,179.2,251.0
2010,Buy & Hold,-0.02049312853678331,-0.020655368659710294,0.2100593765390847,0.005348592377697063,0.007676737635924823,-0.09036723788623255,-0.22857142857142854,169.0,80.66666666666667,-0.02537638325346215,-0.029791317306958002,-0.07855841263413621,-0.02049312853678331,0.536,0.00910951386699915,-0.010792568610962637,1.0009139401979776,0.0,0.0,1.0,1.0,-0.089657437348427,-0.02049312853678331,-10.139999999999986,1.0,0.0,-0.02049312853678331,-10.139999999999986,250.0
2011,Buy & Hold,-0.2746461436883594,-0.27839301317584253,0.21145650684947304,-1.4365624891274817,-2.367633134751383,-0.832343982811164,-0.33446870395530004,227.0,79.66666666666667,-0.0202099823765375,-0.02896949757189727,-0.12229211798033668,-0.2746461436883594,0.45564516129032256,0.010330074560733937,-0.01086109005512305,0.7961130014394714,0.0,0.0,1.0,1.0,-0.8211415311522371,-0.2746461436883594,-133.11,1.0,0.0,-0.2746461436883594,-133.11,248.0
2012,Buy & Hold,0.17687384440335507,0.1784081845478509,0.20095455978719756,0.9175484288107227,1.2601800688621891,0.7718791120669216,-0.23113487819370215,167.0,15.857142857142858,-0.022148500863208326,-0.030084525547077523,-0.09407518416109117,0.17687384440335507,0.52,0.009800828512051387,-0.00916962641409998,1.1676361682168996,0.0,0.0,1.0,1.0,0.7652408229584731,0.17687384440335507,62.18000000000001,1.0,1.0,0.17687384440335507,62.18000000000001,250.0
2013,Buy & Hold,0.2197085055470973,0.22164803498652574,0.17160985488268188,1.252681501939369,1.6949103961093017,1.9694297043392317,-0.11254427334886341,146.0,22.6,-0.018245584479258954,-0.025440426064635376,-0.07187638650436912,0.2197085055470973,0.54,0.008127339194761614,-0.0076862994035638834,1.2412721634391466,0.0,0.0,1.0,1.0,1.9521962247341318,0.2197085055470973,90.89999999999998,1.0,1.0,0.2197085055470973,90.89999999999998,250.0
2014,Buy & Hold,0.08124764679071772,0.08295876271394387,0.17648111643251466,0.5402584647450638,0.6369203910811094,0.43381887871508623,-0.19122902848224743,91.0,19.181818181818183,-0.018018095062699822,-0.028442079936130023,-0.05945181811042166,0.08124764679071772,0.5587044534412956,0.0075688472997168955,-0.008725204444842522,1.098263929036319,0.0,0.0,1.0,1.0,0.4248708861597353,0.08124764679071772,41.0,1.0,1.0,0.08124764679071772,41.0,247.0
2015,Buy & Hold,0.061213642944851765,0.062231067414410646,0.16640524014014546,0.4459036983495155,0.6723930794621245,0.3556403046430738,-0.17498316867337838,121.0,32.714285714285715,-0.01508764376882141,-0.02242678996159458,-0.0906675683508843,0.061213642944851765,0.4879032258064516,0.008532322998780496,-0.007554237479752962,1.0761140547421872,0.0,0.0,1.0,1.0,0.3498258913067946,0.061213642944851765,33.39999999999998,1.0,1.0,0.061213642944851765,33.39999999999998,248.0
2016,Buy & Hold,0.14824793188608498,0.1488804990043231,0.13999136356743894,1.0612673971399762,1.8114625321001545,1.6235010118222408,-0.0917033607741442,52.0,11.631578947368421,-0.013153203595603902,-0.017433707079585078,-0.058338946168592365,0.14824793188608498,0.549800796812749,0.006723125410403065,-0.006900996400242966,1.1897618923999673,0.0,0.0,1.0,1.0,1.616603040876595,0.14824793188608498,85.84000000000003,1.0,1.0,0.14824793188608498,85.84000000000003,251.0
2017,Buy & Hold,0.48034954201573377,0.4850025104971447,0.09850143442809237,4.066538222507237,5.668556293848309,8.949251193312554,-0.05419475887095104,25.0,5.451612903225806,-0.009076777296440769,-0.01293265249485942,-0.006340767814372983,0.48034954201573377,0.608,0.005322058543559494,-0.004199715275109163,1.965519296849446,0.0,0.0,1.0,1.0,8.86339476404989,0.48034954201573377,319.37,1.0,1.0,0.48034954201573377,319.37,250.0
2018,Buy & Hold,-0.09316833292692983,-0.09459763633723017,0.22278390048404753,-0.3343707510644706,-0.4280850400020433,-0.36093895377650564,-0.26208763378808175,185.0,27.5,-0.025749443256606323,-0.03524161955609327,-0.10575072799414209,-0.09316833292692983,0.5604838709677419,0.008884354270591647,-0.012002158205275417,0.9439626771423638,0.0,0.0,1.0,1.0,-0.35548542134675337,-0.09316833292692983,-91.70000000000005,1.0,0.0,-0.09316833292692983,-91.70000000000005,248.0
2019,Buy & Hold,0.07669124072870703,0.07732790563563641,0.10846989377077414,0.7408488116131684,1.063860790152407,1.0741954969506602,-0.07198680859782847,158.0,20.272727272727273,-0.010165233421961661,-0.015727282599871287,-0.02810316173084282,0.07669124072870703,0.512,0.0053212254561759605,-0.00492946592312128,1.132561854741403,0.0,0.0,1.0,1.0,1.0653513084204218,0.07669124072870703,68.45000000000005,1.0,1.0,0.07669124072870703,68.45000000000005,250.0
2020,Buy & Hold,0.148680007076037,0.148680007076037,0.2279122808179297,0.72316846792293,0.7364649794029966,0.44367277596872196,-0.3351118552437814,208.0,20.545454545454547,-0.028300976335435702,-0.04162787604197607,-0.24899398088847058,0.148680007076037,0.6190476190476191,0.008135969585458532,-0.011504086254079254,1.1492395210164628,0.0,0.0,1.0,1.0,0.44367277596872196,0.148680007076037,142.87999999999988,1.0,1.0,0.148680007076037,142.87999999999988,252.0
2021,Buy & Hold,0.3572975078587155,0.3606187519986801,0.21076936036027308,1.567951793623158,1.647417263587683,2.529372216826169,-0.14257243342823656,80.0,10.68421052631579,-0.024464986951887306,-0.037167395827752935,-0.06993006993006967,0.3572975078587155,0.616,0.008417781412569828,-0.010088385082034803,1.3385218981556897,0.0,0.0,1.0,1.0,2.5060770814335593,0.3572975078587155,394.4100000000001,1.0,1.0,0.3572975078587155,394.4100000000001,250.0
2022,Buy & Hold,-0.327835918519903,-0.3310453291323707,0.24825185645133474,-1.4937950928372121,-1.9141300119006848,-0.8205782002559998,-0.403429348999392,246.0,123.5,-0.03219567413847348,-0.04056130871080786,-0.11589132455037421,-0.327835918519903,0.4939759036144578,0.009891939954407144,-0.012564534034408287,0.7685456180146409,0.0,0.0,1.0,1.0,-0.8126228776687169,-0.327835918519903,-491.18999999999994,1.0,0.0,-0.327835918519903,-491.18999999999994,249.0
2023,Buy & Hold,0.12197519586134531,0.1235320450077606,0.16998619518259075,0.7704158344321675,0.938631809403881,0.7080169437999447,-0.1744761140104374,93.0,21.5,-0.016843733230362055,-0.02685677501865843,-0.10913659403023857,0.12197519586134531,0.5903614457831325,0.006980338585604995,-0.008791262391871644,1.1443066169443894,0.0,0.0,1.0,1.0,0.6990939507860003,0.12197519586134531,122.84000000000003,1.0,1.0,0.12197519586134531,122.84000000000003,249.0
2024,Buy & Hold,0.12111369730868438,0.12213951507153431,0.13530375982238102,0.9196358332576967,1.120374172021084,1.3663570584842846,-0.08939062766435668,141.0,18.166666666666668,-0.012304826526752577,-0.02071600993045982,-0.05807225350248024,0.12111369730868438,0.536,0.006078962549980938,-0.00595808911162314,1.1786077231574525,0.0,0.0,1.0,1.0,1.354881383800562,0.12111369730868438,136.8499999999999,1.0,1.0,0.12111369730868438,136.8499999999999,250.0
2025,Buy & Hold,0.4086818547814135,0.4145094305461605,0.2112764737556362,1.7485194626758855,1.8818667767162711,2.2891898316317243,-0.18107254576205245,47.0,8.08695652173913,-0.01809049580983362,-0.03450767369585655,-0.061643940437384415,0.4086818547814135,0.6104417670682731,0.008415096715206584,-0.009423417976346956,1.3993376224424825,0.0,0.0,1.0,1.0,2.2570061798239838,0.4086818547814135,517.71,1.0,1.0,0.4086818547814135,517.71,249.0
2026,Buy & Hold,0.04532387404804794,0.09755634703107319,0.21163793926529526,0.5455427073031647,0.701847029294444,0.595467344931487,-0.16383156500764584,73.0,22.0,-0.017871373936276934,-0.03277535864764536,-0.10947014619774187,0.04532387404804794,0.5083333333333333,0.00979350619964737,-0.009193628812106346,1.1013593943796087,0.0,0.0,1.0,1.0,0.27664921619916605,0.04532387404804794,80.87999999999988,1.0,1.0,0.04532387404804794,80.87999999999988,120.0
2006,MACD only,1.840563325153889,1.8765185566921034,0.24099722988101294,4.51267960645876,5.6940432410092,13.702562333424773,-0.13694654408648055,91.0,9.88888888888889,-0.017260247540832285,-0.030676384599262252,-0.062040219561317,1.840563325153889,0.37349397590361444,0.018577513026946924,-0.0108852061812004,2.645346786494425,14.0,14.16867469879518,0.5903614457831325,0.5903614457831325,13.440012943967314,3.1176888977096486,519.7480249999999,7.0,0.5714285714285714,0.17803285919716805,74.24971785714284,22.0
2007,MACD only,0.347352886707587,0.35384755869815043,0.15841498673462978,1.9917890101117515,2.4599414023107258,3.3037737488259586,-0.10710405300117631,87.0,37.5,-0.014061863463742497,-0.020412648336719446,-0.041493505047331736,0.347352886707587,0.23387096774193547,0.013160458943098776,-0.009633740203293075,1.685800739131611,13.0,13.20967741935484,0.39919354838709675,0.39919354838709675,3.243134848536237,0.8701365242775918,283.5614799999998,7.0,0.42857142857142855,0.04760779430172436,40.508782857142826,15.0
2008,MACD only,-0.11955368037202607,-0.12275083249959295,0.2257120030911526,-0.4672448721268303,-0.5092979670562618,-0.4293848149393187,-0.2858760445847166,153.0,120.5,-0.027355390065395866,-0.03644706984089417,-0.1297636177860404,-0.11955368037202607,0.2530612244897959,0.01529640304298247,-0.015922882471675275,0.9024338613731487,18.0,18.514285714285716,0.4897959183673469,0.4897959183673469,-0.41820111421262335,-0.24408876409288657,-126.26160499999989,10.0,0.3,-0.0077577211504209044,-12.626160499999994,12.9
2009,MACD only,0.976015392885772,0.9813845437825173,0.2327278702248567,3.057211824059338,4.080526103168773,10.760098961339791,-0.09120590315280153,50.0,12.875,-0.019833430314966483,-0.028813431775565407,-0.04915863454123748,0.976015392885772,0.3147410358565737,0.01824118257511571,-0.011812555373071503,1.9676349797393557,16.0,16.06374501992032,0.5298804780876494,0.5298804780876494,10.701230503146355,1.8419538617618705,263.0022500000001,9.0,0.7777777777777778,0.08398909871952763,29.22247222222223,15.666666666666666
2010,MACD only,0.020616280409017307,0.020782912813174903,0.15345083743620727,0.21048655816856393,0.22775784664554727,0.1659390752281905,-0.12524423668503248,247.0,247.0,-0.01578453094100082,-0.025195219403495502,-0.027615148514851473,0.020616280409017307,0.316,0.00870774469236229,-0.008517777091349241,1.0488557969250327,19.0,19.152,0.592,0.592,0.16460861557137893,0.03482479798820491,11.212840000000053,10.0,0.3,0.0025414813770430087,1.1212840000000042,15.8
2011,MACD only,0.06008875359929866,0.061086948608773506,0.14074862422669143,0.4912527566398942,0.6093064767764353,0.5517253696908657,-0.11071984716418026,122.0,56.5,-0.014838421564499675,-0.019349055423168757,-0.044656945725623176,0.06008875359929866,0.20967741935483872,0.012366726198730225,-0.008098931309875445,1.1183352777926472,20.0,20.322580645161292,0.45564516129032256,0.45564516129032256,0.5427098676373389,0.13187620258961122,26.653960000000023,10.0,0.4,0.007076493404680884,2.6653960000000025,12.3
2012,MACD only,0.11546830253928841,0.11644386520607064,0.1429542102703814,0.8418996643371527,0.9241898449270541,0.636667550431767,-0.18289586948023695,210.0,57.0,-0.01370188286897157,-0.02181717624441302,-0.03600243071293496,0.11546830253928841,0.3,0.00910168657065704,-0.0072208791603003575,1.2119883892629517,21.0,21.168,0.576,0.576,0.6313335717609823,0.20046580301959796,37.0964249999999,11.0,0.45454545454545453,0.011392709878566797,3.3724022727272644,14.0
2013,MACD only,0.2160879727895424,0.21799277813306261,0.1087902960363804,1.8674233555825086,2.245830280871752,4.299817714021455,-0.05069814411485418,60.0,22.7,-0.010399219226973433,-0.015484264500137103,-0.013091869072126006,0.2160879727895424,0.316,0.007380696534406078,-0.005450426399500464,1.5282553365825244,19.0,19.152,0.556,0.556,4.26224621358931,0.3886474330747165,91.70078500000008,10.0,0.5,0.020204551893366694,9.170078500000006,14.9
2014,MACD only,0.05804757359520529,0.0592567792238472,0.0943511184648281,0.6573030688651224,0.6543272062900646,0.5294509018811574,-0.11192119800590727,85.0,27.125,-0.010400782266881547,-0.015453728062685105,-0.030975514481348054,0.05804757359520529,0.26720647773279355,0.0066494216772548295,-0.005325000740320178,1.1607796592873578,27.0,27.546558704453442,0.5020242914979757,0.5020242914979757,0.5186468214193124,0.11562702159690087,26.949129999999712,14.0,0.5,0.004509780240720351,1.9249378571428368,9.785714285714286
2015,MACD only,0.23248919036567073,0.23665159738355745,0.10304331252349729,2.1134050417631554,2.879007688623832,5.720089612820366,-0.04137200872747748,58.0,11.722222222222221,-0.00909793816067837,-0.012678999747314559,-0.0074661558971935715,0.23248919036567073,0.3064516129032258,0.00779158244461974,-0.005106009622478958,1.5672053806370916,12.0,12.193548387096774,0.5806451612903226,0.5806451612903226,5.619480356806112,0.4003980500742107,121.62631000000013,7.0,0.8571428571428571,0.03064672585776556,17.37518714285716,21.428571428571427
2016,MACD only,0.05138730127344071,0.051597224922449225,0.08894747531209642,0.6099145239979542,0.7452997630929031,1.0505069553105832,-0.049116500049439904,66.0,16.214285714285715,-0.008895526307777235,-0.012821238500264488,-0.029190781761194273,0.05138730127344071,0.28286852589641437,0.006016316372964037,-0.005407585284193553,1.1448182561049183,20.0,20.0796812749004,0.5179282868525896,0.5179282868525896,1.046232960852566,0.09921702015102783,29.009334999999947,11.0,0.45454545454545453,0.004866891692898243,2.6372122727272678,12.727272727272727
2017,MACD only,0.36517943469827463,0.3685833599023298,0.07552012013142424,4.195038887627845,4.796921263736567,12.540460015321322,-0.029391534238139005,23.0,6.448275862068965,-0.00465557550668054,-0.009977706424805995,-0.00712603302908843,0.36517943469827463,0.408,0.00518902970452962,-0.003307470045043747,2.4619376635027463,16.0,16.128,0.636,0.636,12.424646897963257,0.5741815010979161,252.65753500000005,9.0,0.7777777777777778,0.03640400112989531,28.073059444444457,18.555555555555557
2018,MACD only,0.18711334449313322,0.19040207125799813,0.12301121968357957,1.4787492292407594,1.4342219596458134,2.235018350127746,-0.08519038389421518,99.0,17.75,-0.014197973428412607,-0.020757131499017104,-0.04968382304206043,0.18711334449313322,0.38306451612903225,0.006771341139103486,-0.007610852575394405,1.3855913220949312,17.0,17.274193548387096,0.592741935483871,0.592741935483871,2.196413913634671,0.3156742138387553,178.3349349999998,9.0,0.7777777777777778,0.02006033121919769,19.814992777777757,17.333333333333332
2019,MACD only,0.0545265628893985,0.05497455266165274,0.07809586559713694,0.7242546016577782,0.7479336384022541,1.0765573519418843,-0.05106514071218793,209.0,32.42857142857143,-0.00670382836219115,-0.01215163559967495,-0.028176404246061604,0.0545265628893985,0.244,0.0057141133815021145,-0.004006144183146176,1.1918709996264436,21.0,21.168,0.496,0.496,1.0677844441224544,0.10993258647056149,49.63470000000014,11.0,0.36363636363636365,0.005364640531327993,4.512245454545465,12.181818181818182
2020,MACD only,0.4612655505814456,0.4612655505814456,0.13620282245503298,2.8547242851348718,2.8013971415005825,5.02951107243129,-0.09171180735833784,53.0,8.727272727272727,-0.010425000982469812,-0.020249528354322453,-0.03853066187300891,0.4612655505814456,0.4007936507936508,0.007995300240437951,-0.00686399703799897,1.9286313786190938,16.0,16.0,0.6111111111111112,0.6111111111111112,5.02951107243129,0.754798173678729,321.0925000000001,9.0,0.5555555555555556,0.04677391442199294,35.67694444444446,18.0
2021,MACD only,0.05130673993134338,0.05172763201046959,0.1203694330389797,0.4797257402118379,0.37784262889934406,0.699191119862445,-0.07398210666726746,148.0,80.33333333333333,-0.007421969581134351,-0.021920430756526825,-0.02690351480142672,0.05130673993134338,0.324,0.0062511100733743065,-0.006415055554242652,1.1275704956031052,30.0,30.24,0.544,0.544,0.6935020134273017,0.09431386016791062,59.51982000000043,16.0,0.5,0.003350460785351894,3.719988750000027,9.4375
2022,MACD only,-0.09157929617589255,-0.09262991345749816,0.15062795835257603,-0.5698126477704736,-0.5142688039124332,-0.4354400805194013,-0.21272711815367895,145.0,40.166666666666664,-0.01657510716465351,-0.027440049462528884,-0.06520159291446526,-0.09157929617589255,0.24899598393574296,0.008545553819694072,-0.008305841490101272,0.8620184172732219,19.0,19.2289156626506,0.5060240963855421,0.5060240963855421,-0.430501277743694,-0.18097813291902579,-99.06070499999997,10.0,0.3,-0.008381750324387904,-9.906070499999998,13.6
2023,MACD only,0.06957834632755389,0.07044550072735323,0.1081933227567161,0.6832776211297268,0.6702603915820914,0.8198064855661991,-0.08592942598972009,121.0,46.0,-0.011678036197916497,-0.018005932718243498,-0.05669466019590963,0.06957834632755389,0.3293172690763052,0.006187909693574233,-0.006117782972019945,1.1681682662617114,23.0,23.277108433734938,0.570281124497992,0.570281124497992,0.809715013526073,0.122007100250429,77.62840500000047,12.0,0.5833333333333334,0.006037446432738912,6.469033750000038,12.75
2024,MACD only,0.13626625238918666,0.13742808890508895,0.0746570913042893,1.7623230051294907,2.158911751228811,4.230473153603862,-0.03248527621266584,47.0,12.588235294117647,-0.005980434289458314,-0.009869885912059822,-0.020532174442335682,0.13626625238918666,0.272,0.005513856253137071,-0.0035943606079806485,1.5340297912498038,20.0,20.16,0.504,0.504,4.194708134759746,0.2703695483912434,154.08046500000006,11.0,0.45454545454545453,0.01186845101696431,14.007315000000006,12.363636363636363
2025,MACD only,0.3011677835445594,0.3053014228714732,0.12472626973256017,2.200149371069729,1.6505768346939895,3.3541505260686324,-0.09102198022976449,54.0,8.173913043478262,-0.009215261808388298,-0.021679151727330252,-0.029964982779315807,0.3011677835445594,0.39357429718875503,0.006959117587950403,-0.007336499319652756,1.659981858962351,14.0,14.16867469879518,0.5903614457831325,0.5903614457831325,3.3087368873356655,0.5101413476367027,356.63203499999975,8.0,0.625,0.03463603344274542,44.57900437499996,19.25
2026,MACD only,0.19851962120050537,0.46269848487393794,0.12234646076551836,3.1706182453088725,4.532031089433431,12.94874002177427,-0.03573308940451936,30.0,9.7,-0.009188954730557291,-0.014163214332557498,-0.02702450872229123,0.19851962120050537,0.30833333333333335,0.009260876438977448,-0.0058493153184555405,2.169626697263888,8.0,16.8,0.5,0.5,5.555624338918692,0.39703924240101074,324.88568499999997,5.0,0.8,0.038422157780464206,64.977137,12.8
2006,Ito-Bayes-GARCH only,0.6118183675068793,0.6211152259626305,0.27497832922035603,1.8955665015631127,2.345937983680711,1.6527417649244678,-0.3758089975968001,175.0,15.692307692307692,-0.0314126174944223,-0.040510742514556775,-0.16930468282180788,0.6118183675068793,0.40160642570281124,0.016610062921340887,-0.013022407014152294,1.449430315072396,29.0,29.349397590361445,0.7028112449799196,0.7028112449799196,1.6280035108773265,0.8705301343383598,206.31164500000006,15.0,0.6,0.03857003482475156,13.75410966666667,12.6
2007,Ito-Bayes-GARCH only,0.24408983710162313,0.24848005638064974,0.23656004680349196,1.0559637292357387,1.438068018018441,1.097111516946273,-0.22648568768312194,204.0,37.666666666666664,-0.02528955391562519,-0.03198928996050029,-0.13762332801284394,0.24408983710162313,0.29838709677419356,0.01703543746762136,-0.013010110309927025,1.2422512111571231,5.0,5.080645161290323,0.6008064516129032,0.6008064516129032,1.0777274255101335,0.40627033289397674,178.47609499999982,3.0,0.3333333333333333,0.08974834928924473,59.492031666666605,50.666666666666664
2008,Ito-Bayes-GARCH only,0.0,0.0,0.0,,,,0.0,0.0,0.0,0.0,0.0,0.0,0.0,0.0,0.0,0.0,,0.0,0.0,0.0,0.0,,,0.0,0.0,,,,
2009,Ito-Bayes-GARCH only,0.05159600532357045,0.05180680238228086,0.21154297355311782,0.3444477917008439,0.32118193254189237,0.21771045323915145,-0.23796194262372838,72.0,23.5,-0.028671748893879107,-0.036894260758061376,-0.10344580653913782,0.05159600532357045,0.23904382470119523,0.014827356523770256,-0.013617750503092968,1.0888256852996794,26.0,26.103585657370516,0.4262948207171315,0.4262948207171315,0.21682460966103054,0.12103361996463721,25.062899999999928,13.0,0.46153846153846156,0.006354888356236065,1.9279153846153794,9.23076923076923
2010,Ito-Bayes-GARCH only,-0.014105785569394236,-0.014217825825559749,0.019869446492826067,-0.7107473275453486,-0.20028197947916343,-0.6622635482264028,-0.021468531468531338,137.0,69.0,0.0,-0.00013585021969328572,-0.007545526458149321,-0.014105785569394236,0.02,0.0038546456866810352,-0.004754757689265,0.5790659645696739,2.0,2.016,0.044,0.044,-0.6570447349913316,-0.32058603566805083,-7.207349999999988,1.0,0.0,-0.014105785569394236,-7.207349999999988,12.0
2011,Ito-Bayes-GARCH only,-0.061900080833389715,-0.06286641295190476,0.04330249615458687,-1.4771435400128934,-0.24736119390937944,-1.0156111608499514,-0.061900080833389715,223.0,223.0,0.0,-0.00025382540659198865,-0.061900080833389715,-0.061900080833389715,0.0,0.0,-0.012589740166962637,0.0,4.0,4.064516129032258,0.012096774193548387,0.012096774193548387,-1.0,-5.11707334889355,-31.92224499999997,2.0,0.0,-0.03121614443927484,-15.961122499999984,2.5
2012,Ito-Bayes-GARCH only,-0.04429245554455463,-0.044638766647838946,0.06461100914338072,-0.6745382817180348,-0.4687518145154436,-0.4237186827284638,-0.10535000807704598,169.0,44.0,-0.006937152058042361,-0.011866287333046618,-0.033039426478986056,-0.04429245554455463,0.08,0.007348160723151772,-0.00704444147804174,0.7726775833280916,12.0,12.096,0.164,0.164,-0.42043143947518336,-0.2700759484424063,-20.789595000000094,6.0,0.3333333333333333,-0.007305432590441012,-3.4649325000000153,7.833333333333333
2013,Ito-Bayes-GARCH only,-0.014189133787852692,-0.014301831253616504,0.10988437592558102,-0.07613656754281473,-0.05948916343197926,-0.12131092708131908,-0.11789400672891959,146.0,30.428571428571427,-0.007842156291183715,-0.019459466095209883,-0.08797721792472835,-0.014189133787852692,0.164,0.009025148664776269,-0.007721039100004691,0.9780620078994772,14.0,14.112,0.332,0.332,-0.1203550051571203,-0.04273835478268883,-6.8315299999998675,7.0,0.5714285714285714,-0.001936281031476615,-0.9759328571428376,12.857142857142858
2014,Ito-Bayes-GARCH only,0.044787678946678566,0.04571472967177326,0.08382856933389625,0.5751725883867795,0.47113563003462666,0.6389401413840314,-0.07154775026773075,109.0,26.75,-0.00937835443716482,-0.015298033460392858,-0.02969580100410818,0.044787678946678566,0.23076923076923078,0.0061092999807645055,-0.00578790131320059,1.157022607823193,18.0,18.36437246963563,0.4048582995951417,0.4048582995951417,0.6259830501879327,0.11062556699829607,25.327704999999934,9.0,0.5555555555555556,0.0050020015165264725,2.8141894444444384,12.11111111111111
2015,Ito-Bayes-GARCH only,0.0054088036386858995,0.005496281716920848,0.041785009124275393,0.1518824825095207,0.0958840931923592,0.13540182389614988,-0.04059237578022856,121.0,63.0,-0.0005,-0.004611137033893306,-0.025696915363415562,0.0054088036386858995,0.03225806451612903,0.010002983347317626,-0.004611137033893306,1.0846547471689254,10.0,10.161290322580646,0.07661290322580645,0.07661290322580645,0.13324678673575888,0.07059912117863701,2.896485000000064,5.0,0.4,0.0011910296687275058,0.5792970000000123,4.8
2016,Ito-Bayes-GARCH only,0.03978644343426874,0.03994808002499717,0.08493547790520985,0.5034493870886887,0.5735791790985687,0.5834966796103994,-0.06846325167037881,52.0,19.428571428571427,-0.00898588275352974,-0.012451331969040422,-0.022859038931179798,0.03978644343426874,0.23107569721115537,0.00640714422136983,-0.005576666710511317,1.1294468333079462,14.0,14.055776892430279,0.43824701195219123,0.43824701195219123,0.5811357547816074,0.09078543001819503,25.69814500000022,7.0,0.7142857142857143,0.00567395771004821,3.6711635714286035,16.714285714285715
2017,Ito-Bayes-GARCH only,0.34409809086970866,0.34728170342087883,0.09187095079753074,3.2923227988271377,4.099852327330506,5.982880268612349,-0.05804590562221401,28.0,6.461538461538462,-0.008590721356083988,-0.012700927337443938,-0.01734932232754738,0.34409809086970866,0.48,0.005400884145138607,-0.0040469513696858765,1.8621714775896268,17.0,17.136,0.792,0.792,5.92803380671217,0.43446728645165233,248.73207000000008,9.0,0.7777777777777778,0.03483528844860993,27.636896666666676,22.88888888888889
2018,Ito-Bayes-GARCH only,0.020297584173016192,0.020628318417081015,0.1179775962558138,0.2325499755415534,0.12481034149448597,0.14365873125446452,-0.14359251426592246,185.0,37.833333333333336,-0.007095933275305877,-0.02233913802972755,-0.10518744786238599,0.020297584173016192,0.17338709677419356,0.00824662340363854,-0.012600177166535335,1.0824170341467898,7.0,7.112903225806452,0.2620967741935484,0.2620967741935484,0.14135544792694837,0.07744309038320024,17.33793500000013,4.0,0.5,0.00580569085573332,4.3344837500000315,17.25
2019,Ito-Bayes-GARCH only,-0.009926641674839365,-0.010005656191548695,0.037162799788150264,-0.25204516297813256,-0.10978780077393009,-0.3932639748799429,-0.02544259538291871,110.0,79.0,-0.0005,-0.0045207107344618185,-0.019156338866143652,-0.009926641674839365,0.036,0.007038266665204062,-0.004272750882122974,0.8720707755947812,10.0,10.08,0.084,0.084,-0.3901583751751904,-0.11817430565284957,-9.27627000000013,5.0,0.2,-0.0019452640999116921,-1.855254000000026,5.2
2020,Ito-Bayes-GARCH only,0.19097561810625674,0.19097561810625674,0.06919089003489848,2.56129787016956,1.7914592966604372,4.352233823158383,-0.04387990762124705,14.0,2.6875,-0.004242901942488381,-0.010025091025494478,0.0,0.19097561810625674,0.20634920634920634,0.006278222791409219,-0.005969964234870307,2.187400609513847,3.0,3.0,0.30158730158730157,0.30158730158730157,4.352233823158383,0.6332349442470618,174.4251949999998,2.0,1.0,0.09155866547366498,87.2125974999999,38.5
2021,Ito-Bayes-GARCH only,0.2092895083083719,0.2111293458165191,0.14958899312962487,1.3562313963676516,1.2409460642629153,2.1915330630776126,-0.09633865414744236,82.0,16.76923076923077,-0.012651408334810304,-0.027992477944946557,-0.03864782577828263,0.2092895083083719,0.432,0.00750147057046192,-0.007707489491025519,1.3305467323735112,17.0,17.136,0.712,0.712,2.172435458648435,0.2939459386353538,250.79299499999988,9.0,0.5555555555555556,0.022358427979832167,27.865888333333327,20.77777777777778
2022,Ito-Bayes-GARCH only,-0.0780532634570329,-0.07895552778208481,0.05673989741727829,-1.4208869398891433,-0.7030689273012344,-0.8351556070519294,-0.09453990024780545,248.0,248.0,-0.003748002310511766,-0.011276644850456468,-0.035110948837356215,-0.0780532634570329,0.040160642570281124,0.007589676777046523,-0.006222318936771665,0.4879002091772741,18.0,18.216867469879517,0.10441767068273092,0.10441767068273092,-0.8256118660210321,-0.7475101000308151,-120.75204000000019,9.0,0.2222222222222222,-0.008869340587025733,-13.416893333333356,3.888888888888889
2023,Ito-Bayes-GARCH only,0.04752395215415017,0.048110088842763465,0.07736370753675158,0.6463395447853238,0.37688381880776867,0.5905396747033793,-0.0814680044434416,95.0,10.384615384615385,-0.005449096169249534,-0.013000531986225746,-0.03394881397310401,0.04752395215415017,0.15261044176706828,0.006688841844947259,-0.006022589501946187,1.2412873918312508,12.0,12.144578313253012,0.26506024096385544,0.26506024096385544,0.5833449889783815,0.17929491039974838,49.55321999999992,6.0,0.5,0.00833934977333195,8.258869999999986,12.0
2024,Ito-Bayes-GARCH only,-0.04624322152406457,-0.04660441015883943,0.059833766071636076,-0.7676968694456562,-0.5652032291005304,-0.621758954151986,-0.07495575230179508,141.0,37.0,-0.006603279744376277,-0.011266862721623267,-0.025361023195679233,-0.04624322152406457,0.116,0.005500663790515733,-0.004769509016811891,0.7778054271788597,20.0,20.16,0.248,0.248,-0.616940262808317,-0.1864646029196152,-60.19309000000041,10.0,0.3,-0.004665805247449029,-6.019309000000041,7.2
2025,Ito-Bayes-GARCH only,0.07591542933329687,0.07686436243146266,0.13828259210813656,0.6051301639717003,0.4704214984160335,0.6296456959824555,-0.12207557825282811,92.0,27.2,-0.015509740223242807,-0.02575885062155847,-0.0389603192543998,0.07591542933329687,0.2891566265060241,0.008225071808765243,-0.009613629826045694,1.162275088532976,17.0,17.204819277108435,0.46987951807228917,0.46987951807228917,0.6218723713605522,0.16156360601701641,112.4536549999997,9.0,0.4444444444444444,0.009021875875844921,12.494850555555523,13.88888888888889
2026,Ito-Bayes-GARCH only,-0.0761442987726536,-0.15322368725584024,0.09724491863812104,-1.6614169787727964,-1.5656197246362116,-1.119011909117389,-0.13692766449348526,113.0,57.0,-0.012125765466847599,-0.0171699027626519,-0.03783285778074108,-0.0761442987726536,0.15833333333333333,0.007486611355258769,-0.006849407023803249,0.6489869089012957,11.0,23.1,0.375,0.375,-0.5560914155245553,-0.20305146339374294,-146.8201950000003,6.0,0.5,-0.01293283908638058,-24.470032500000045,8.5
2006,MACD + Ito hard gate,1.0732591419380983,1.0915521256793959,0.20807475058508892,3.6545389281627516,3.914023715969286,8.390835132309277,-0.13008861555107032,91.0,12.0,-0.01512559892952796,-0.027688828594247615,-0.062040219561317,1.0732591419380983,0.28112449799196787,0.017794401777799028,-0.009884868701675808,2.5202320071985596,24.0,24.289156626506024,0.43775100401606426,0.43775100401606426,8.250215727115316,2.45175712240905,332.15902499999993,12.0,0.6666666666666666,0.06743282978196338,27.679918749999995,10.083333333333334
2007,MACD + Ito hard gate,0.20947110632020904,0.21318681908652914,0.12469362527788276,1.6119238804717335,1.332995335912292,2.126333735065864,-0.10026028161563527,156.0,77.33333333333333,-0.005030346687857469,-0.017107802966174365,-0.027567143190212362,0.20947110632020904,0.10483870967741936,0.01654845828969652,-0.01106922409235532,1.8509488321264393,10.0,10.161290322580646,0.1693548387096774,0.1693548387096774,2.0892730695017585,1.236877008747901,170.02858999999992,5.0,0.4,0.04208234600207732,34.00571799999999,9.4
2008,MACD + Ito hard gate,0.0,0.0,0.0,,,,0.0,0.0,0.0,0.0,0.0,0.0,0.0,0.0,0.0,0.0,,0.0,0.0,0.0,0.0,,,0.0,0.0,,,,
2009,MACD + Ito hard gate,0.14646521180432215,0.1470896959843957,0.13087709164855596,1.1139340806731557,0.7918194086896576,1.429181864899723,-0.10291880942298137,50.0,19.0,-0.010846904399670149,-0.02085339536350802,-0.030758744714488695,0.14646521180432215,0.13545816733067728,0.013623399821357208,-0.010599522225521721,1.4566555739366387,12.0,12.047808764940239,0.23107569721115537,0.23107569721115537,1.4231141287533884,0.6338408303945666,67.53945000000003,6.0,0.6666666666666666,0.025541096298146732,11.256575000000005,10.666666666666666
2010,MACD + Ito hard gate,-0.014105785569394236,-0.014217825825559749,0.019869446492826067,-0.7107473275453486,-0.20028197947916343,-0.6622635482264028,-0.021468531468531338,137.0,69.0,0.0,-0.00013585021969328572,-0.007545526458149321,-0.014105785569394236,0.02,0.0038546456866810352,-0.004754757689265,0.5790659645696739,2.0,2.016,0.044,0.044,-0.6570447349913316,-0.32058603566805083,-7.207349999999988,1.0,0.0,-0.014105785569394236,-7.207349999999988,12.0
2011,MACD + Ito hard gate,0.0,0.0,0.0,,,,0.0,0.0,0.0,0.0,0.0,0.0,0.0,0.0,0.0,0.0,,0.0,0.0,0.0,0.0,,,0.0,0.0,,,,
2012,MACD + Ito hard gate,-0.06265901562619214,-0.06314411887940019,0.04702162449176358,-1.363490679596253,-0.6421937654928987,-0.6662137413641502,-0.09478057109735571,179.0,179.0,-0.0005,-0.00632729143144675,-0.038617224704292186,-0.06265901562619214,0.036,0.006290425348442862,-0.00632729143144675,0.4709242805290813,14.0,14.112,0.084,0.084,-0.6610955694899824,-0.7459406622165731,-30.142105000000086,7.0,0.2857142857142857,-0.008931150129649925,-4.306015000000012,4.0
2013,MACD + Ito hard gate,0.1106355477906773,0.11156827260809732,0.07449983585214034,1.4570131883801263,1.167585019232243,2.993178200499714,-0.03727418320415099,67.0,18.90909090909091,-0.005657127101209824,-0.009875042288282109,-0.00741419478186045,0.1106355477906773,0.12,0.008850192496252053,-0.005442069571631742,1.6823326911459935,12.0,12.096,0.212,0.212,2.9681548535812454,0.521865791465459,52.100635000000054,6.0,0.6666666666666666,0.017908076820604208,8.683439166666677,9.833333333333334
2014,MACD + Ito hard gate,-0.06896730461320377,-0.07031314105635111,0.05948709831824273,-1.195646197804483,-0.7986075989933192,-1.0195141226802371,-0.06896730461320377,228.0,228.0,-0.006983596285302956,-0.012313702462515187,-0.01687026858867069,-0.06896730461320377,0.11336032388663968,0.0052307879124931355,-0.004699486169120149,0.677511911983037,24.0,24.48582995951417,0.25101214574898784,0.25101214574898784,-1.0,-0.274756842571957,-41.53956000000015,12.0,0.25,-0.005865898130407786,-3.4616300000000124,6.166666666666667
2015,MACD + Ito hard gate,0.004412133187464473,0.004483455919048973,0.02792477543132241,0.1740755717533121,0.07378572394034384,0.22987687251931868,-0.019503727669133775,121.0,61.0,0.0,-0.0001602494168313884,-0.017095015540917524,0.004412133187464473,0.020161290322580645,0.008744894094373724,-0.004326734254447486,1.1228502170847283,6.0,6.096774193548387,0.04435483870967742,0.04435483870967742,0.22621999559843273,0.09947354822647175,2.6731550000001043,3.0,0.6666666666666666,0.0015591679922219992,0.8910516666667009,4.666666666666667
2016,MACD + Ito hard gate,0.024891918864777818,0.02499231893616849,0.05674775582014661,0.46317568171998974,0.37510096786370345,0.6616084619278839,-0.03777508961016385,66.0,23.0,-0.004001903454672662,-0.00888127435757268,-0.017320366616598304,0.024891918864777818,0.10756972111553785,0.006179963760063817,-0.0045380368818442336,1.1860963719533426,18.0,18.071713147410357,0.1952191235059761,0.1952191235059761,0.6589506238545187,0.12750758438896392,16.276435000000266,9.0,0.5555555555555556,0.0028018419121316565,1.8084927777778066,6.444444444444445
2017,MACD + Ito hard gate,0.29007056433189793,0.29270186012622235,0.07114102298288437,3.646053379405494,3.786410942530063,9.958713204784218,-0.029391534238139005,23.0,6.8076923076923075,-0.00454935908655269,-0.009536342309317936,-0.00712603302908843,0.29007056433189793,0.348,0.005129491464180999,-0.003314743737498389,2.361939393739861,21.0,21.168,0.536,0.536,9.869187568830515,0.5411764259923468,213.86791000000005,11.0,0.7272727272727273,0.024398264186659288,19.44253727272728,13.090909090909092
2018,MACD + Ito hard gate,0.1555942886479471,0.15829285358810208,0.07607478366897572,1.9700528479339683,1.1285389985757497,5.849190444938824,-0.02706235248761124,185.0,31.714285714285715,-0.0005,-0.007959558722902141,-0.018578287494177892,0.1555942886479471,0.14919354838709678,0.007661204967536138,-0.00715642893692491,2.084725322152384,9.0,9.145161290322582,0.2056451612903226,0.2056451612903226,5.749473875901068,0.7566153644057035,155.99234999999976,5.0,0.8,0.029900980486867977,31.19846999999995,11.2
2019,MACD + Ito hard gate,-0.009926641674839365,-0.010005656191548695,0.037162799788150264,-0.25204516297813256,-0.10978780077393009,-0.3932639748799429,-0.02544259538291871,110.0,79.0,-0.0005,-0.0045207107344618185,-0.019156338866143652,-0.009926641674839365,0.036,0.007038266665204062,-0.004272750882122974,0.8720707755947812,10.0,10.08,0.084,0.084,-0.3901583751751904,-0.11817430565284957,-9.27627000000013,5.0,0.2,-0.0019452640999116921,-1.855254000000026,5.2
2020,MACD + Ito hard gate,0.11038953450250766,0.11038953450250766,0.054577607963809,1.946084823344814,1.3722298103437014,6.1298574995764055,-0.01800849930200432,24.0,5.9,-0.0011825707845791891,-0.00753532217857631,-0.00146816007370687,0.11038953450250766,0.12301587301587301,0.0067163594993250005,-0.004636113178465603,2.0413567892700755,11.0,11.0,0.19047619047619047,0.19047619047619047,6.1298574995764055,0.5795450561381652,106.64199499999985,6.0,0.5,0.01797962981989328,17.773665833333308,8.833333333333334
2021,MACD + Ito hard gate,0.015988406361604257,0.01611733890303646,0.11605349352819161,0.19635047463863747,0.14155481029632752,0.15779798501104916,-0.1021390666167753,240.0,121.0,-0.006859247071204516,-0.02137031228447334,-0.03864782577828263,0.015988406361604257,0.276,0.006327614961537166,-0.0067868708897199535,1.054604724376771,25.0,25.2,0.468,0.468,0.15653566153676135,0.034163261456419354,19.949140000000668,13.0,0.38461538461538464,0.001438688819776029,1.5345492307692805,10.0
2022,MACD + Ito hard gate,-0.02664561970629664,-0.026962284202148412,0.03752870706229658,-0.7095806891762139,-0.30433365517353406,-0.6120621074676003,-0.04405154946399892,248.0,248.0,-0.0005,-0.00470242248982744,-0.010460958512614638,-0.02664561970629664,0.024096385542168676,0.007427254217302994,-0.0044297594707416,0.6287520462194169,14.0,14.16867469879518,0.060240963855421686,0.060240963855421686,-0.6048736089992192,-0.4423172871245242,-40.65552000000034,7.0,0.2857142857142857,-0.0037449713003669316,-5.807931428571477,3.142857142857143
2023,MACD + Ito hard gate,0.09477597182955289,0.09597098128810533,0.05112907441514049,1.8180613557998464,1.3596642467795554,5.033786070995763,-0.019065367485734397,101.0,12.636363636363637,-0.001671024126774667,-0.006872686077762557,-0.00119120230747638,0.09477597182955289,0.11646586345381527,0.006496896443872562,-0.004023367463322963,1.9512054536182557,10.0,10.120481927710843,0.1927710843373494,0.1927710843373494,4.9711064788270525,0.4916503538658056,104.05393000000032,5.0,0.6,0.018616953277168058,20.810786000000064,10.6
2024,MACD + Ito hard gate,-0.013742926751948104,-0.013852105165585105,0.039893367304991344,-0.32975261887991736,-0.18135257456799606,-0.45067187357032645,-0.030736564622605655,156.0,62.666666666666664,-0.0018496480723437178,-0.006814369125694275,-0.009763953359968824,-0.013742926751948104,0.068,0.004873030151134148,-0.0041692195917267996,0.863903859001285,10.0,10.08,0.14,0.14,-0.4471198040733761,-0.09816376251391501,-17.924119999999938,5.0,0.2,-0.002740959895204442,-3.584823999999989,8.0
2025,MACD + Ito hard gate,0.08068127355648658,0.08169200910525443,0.11161742015565744,0.7600771279133257,0.40059977013204157,0.8974976033156085,-0.0910219802297646,54.0,16.5,-0.006618068187052617,-0.020797910337665086,-0.029964982779315807,0.08068127355648658,0.20080321285140562,0.0078045033643275065,-0.010213243148731723,1.2735920821416826,13.0,13.156626506024097,0.2971887550200803,0.2971887550200803,0.886393301407251,0.27148158264277245,113.12381499999974,7.0,0.42857142857142855,0.011773293458705592,16.16054499999996,11.428571428571429
2026,MACD + Ito hard gate,0.03317886957156402,0.07094848910864027,0.06623299433152639,1.067771723394355,0.7454054841703169,1.8924638885154248,-0.03749000947346848,113.0,57.0,-0.0025411705753270197,-0.009470542380879696,-0.019194899255715603,0.03317886957156402,0.1,0.008201883003766,-0.004624684802447642,1.5201436924044338,9.0,18.900000000000002,0.175,0.175,0.8850056331686063,0.18959354040893725,59.03014499999997,5.0,0.6,0.006873983483564228,11.806028999999995,5.2
2006,MACD + volatility targeting,1.2893010403232776,1.3122600491412717,0.18383572098313355,4.658177658595004,6.430276707763726,11.80674612050132,-0.11114493661065972,91.0,10.470588235294118,-0.01583569185234584,-0.021973658808961953,-0.05945744184644208,1.2893010403232776,0.37349397590361444,0.014454674489806902,-0.008166226171455607,2.6986093805561793,26.432289132983307,26.750750447838527,0.4911087648768655,0.5903614457831325,11.600177926590522,2.625286153560181,405.17056581528857,7.0,0.5714285714285714,0.13725579884585368,57.881509402184086,22.0
2007,MACD + volatility targeting,0.2341690049941212,0.23836428924551156,0.12842385372819407,1.7290905119302284,2.0171923520076236,2.213829867968568,-0.10767055440634965,87.0,27.5,-0.013013387536778834,-0.017702479277798597,-0.041493505047331736,0.2341690049941212,0.22983870967741934,0.010764551980601814,-0.008230160452761605,1.55317816102545,16.001398642219076,16.25948571709358,0.3540543624270126,0.39919354838709675,2.174865786521032,0.6613927968262064,201.49740698144097,7.0,0.42857142857142855,0.03291440182527995,28.785343854491565,15.0
2008,MACD + volatility targeting,-0.07973279167203773,-0.0819149464876161,0.17712877416902534,-0.3939928728773216,-0.44558519904091437,-0.34849112574227625,-0.23505604716085549,151.0,119.5,-0.020240704264391157,-0.02752262560005058,-0.08000345431668965,-0.07973279167203773,0.2530612244897959,0.012288256921810415,-0.012383893474553934,0.9182267956788475,21.940525429902223,22.567397585042286,0.4011349662588985,0.4897959183673469,-0.3392075746831322,-0.1987679917700742,-96.82149598824952,10.0,0.3,-0.005023785389394053,-9.682149598824953,12.9
2009,MACD + volatility targeting,0.6490456650079557,0.6523351856821591,0.1694726919933718,3.0501966636393854,4.12700534732298,7.5348436789783655,-0.08657580879907623,50.0,12.75,-0.01519470057941101,-0.020929365447530414,-0.044314319142653935,0.6490456650079557,0.3147410358565737,0.013543858765382869,-0.008953082138857146,1.9275482109359703,19.73359629143213,19.812216196975683,0.4258287036897817,0.5298804780876494,7.496847837878716,1.5241942578882344,193.7592246242666,9.0,0.7777777777777778,0.060333770236128084,21.52880273602962,15.666666666666666
2010,MACD + volatility targeting,0.004980080490902372,0.005020020969009886,0.14234751553075944,0.1061485308267534,0.11353805447195407,0.042013743964929934,-0.11948520877359181,169.0,81.66666666666667,-0.01561038092388233,-0.02382037938670778,-0.027615148514851473,0.004980080490902372,0.316,0.008087645675626774,-0.008103038301395108,1.0240250737856682,22.07629469467446,22.252905052231853,0.5679960560144518,0.592,0.04167947264785674,0.008767808223611435,3.1484919968815035,10.0,0.3,0.0009809952774440522,0.31484919968815106,15.8
2011,MACD + volatility targeting,0.07062130525440247,0.07180031325456016,0.1304466440520845,0.5964334872014712,0.7658353822181457,0.7815271554724537,-0.09187180861444921,119.0,55.75,-0.014273001119273132,-0.017462493025013563,-0.044656945725623176,0.07062130525440247,0.20967741935483872,0.011734224740353407,-0.007515660618699643,1.1434896448282392,21.014430813274295,21.35337324574646,0.4382382493723219,0.45564516129032256,0.7686939695589649,0.16114820044930278,31.31729768500663,10.0,0.4,0.008016471404742098,3.131729768500663,12.3
2012,MACD + volatility targeting,0.13433770672281065,0.13548214037130135,0.13785357672047957,0.9905621037639839,1.1157531373476763,0.8352621762693819,-0.1622031312089568,210.0,57.0,-0.013160797258674622,-0.020268899726057093,-0.035804168713153284,0.13433770672281065,0.3,0.008963575721619437,-0.006882043594663223,1.2523638786498017,22.553818796530223,22.734249346902462,0.5637606204371752,0.576,0.8282066179705941,0.2382885605217278,44.48681993288961,11.0,0.45454545454545453,0.012917847230169956,4.044256357535418,14.0
2013,MACD + volatility targeting,0.20902398307505576,0.21086128940952142,0.10791899135210427,1.8271773971797234,2.1944167134318526,3.9322400915751152,-0.053623706716508734,60.0,22.8,-0.010399219226973433,-0.015377911097448606,-0.01367746687496152,0.20902398307505576,0.316,0.007282941493754311,-0.005424717337098134,1.5151609153160468,19.633831694723366,19.79090234828115,0.5515221218936696,0.556,3.8979771424623486,0.3789947397891583,88.93780540934057,10.0,0.5,0.019602802300608735,8.893780540934058,14.9
2014,MACD + volatility targeting,0.05658024669063266,0.05775805948921664,0.09405606161961562,0.6440150497002426,0.6396895140733249,0.5173491712621111,-0.11164231566914784,85.0,27.25,-0.010400782266881547,-0.015429916792339522,-0.03068169685387445,0.05658024669063266,0.26720647773279355,0.006617607989508976,-0.005315358642939164,1.157321579048118,27.0,27.546558704453442,0.5007097099009631,0.5020242914979757,0.5067992933638917,0.11300009880340416,26.191641087964797,14.0,0.5,0.0044058982776692245,1.8708315062831997,9.785714285714286
2015,MACD + volatility targeting,0.23638358020671513,0.24062226544504584,0.10247252102252617,2.1559127315921454,2.9590557632056473,5.81606435960248,-0.041372008727477705,48.0,11.052631578947368,-0.00909793816067837,-0.0124484747358456,-0.0074661558971935715,0.23638358020671513,0.3064516129032258,0.0077719337308583885,-0.005043943868571401,1.582489060512742,12.141265355296404,12.337092215865702,0.5773723713203541,0.5806451612903226,5.713611387926596,0.40941269785068757,123.37445687891105,7.0,0.8571428571428571,0.031131076005346196,17.62492241127301,21.428571428571427
2016,MACD + volatility targeting,0.052086646755982624,0.05229949776236209,0.08885200876263266,0.6179898922878485,0.7543371883566239,1.0648050595974707,-0.049116500049439016,66.0,16.214285714285715,-0.008900316470148793,-0.012821238500264488,-0.028645488348538306,0.052086646755982624,0.28286852589641437,0.006012149295900358,-0.005393780465132841,1.1469533350261438,20.0,20.0796812749004,0.517053930546419,0.5179282868525896,1.0604714648550682,0.10073735770838801,29.372139935894495,11.0,0.45454545454545453,0.00493067697836254,2.670194539626772,12.727272727272727
2017,MACD + volatility targeting,0.36517943469827463,0.3685833599023298,0.07552012013142424,4.195038887627845,4.796921263736567,12.540460015321322,-0.029391534238139005,23.0,6.448275862068965,-0.00465557550668054,-0.009977706424805995,-0.00712603302908843,0.36517943469827463,0.408,0.00518902970452962,-0.003307470045043747,2.4619376635027463,16.0,16.128,0.636,0.636,12.424646897963257,0.5741815010979161,252.65753500000005,9.0,0.7777777777777778,0.03640400112989531,28.073059444444457,18.555555555555557
2018,MACD + volatility targeting,0.17458490802727522,0.1776373854765374,0.11934013901876178,1.4301159996620598,1.3902240155645718,2.01233415736632,-0.08827429819559574,119.0,19.545454545454547,-0.014197973428412607,-0.020102499599623274,-0.04630662602382174,0.17458490802727522,0.38306451612903225,0.0065513928533594895,-0.007449526726560956,1.3696157144597907,17.39921743299148,17.67984997223328,0.5819065512728859,0.592741935483871,1.977754698660247,0.30002224179360265,166.67894744854345,9.0,0.7777777777777778,0.01884541640824659,18.51988304983816,17.333333333333332
2019,MACD + volatility targeting,0.0545265628893985,0.05497455266165274,0.07809586559713694,0.7242546016577782,0.7479336384022541,1.0765573519418843,-0.05106514071218793,209.0,32.42857142857143,-0.00670382836219115,-0.01215163559967495,-0.028176404246061604,0.0545265628893985,0.244,0.0057141133815021145,-0.004006144183146176,1.1918709996264436,21.0,21.168,0.496,0.496,1.0677844441224544,0.10993258647056149,49.63470000000014,11.0,0.36363636363636365,0.005364640531327993,4.512245454545465,12.181818181818182
2020,MACD + volatility targeting,0.3761710458639034,0.3761710458639034,0.12542750146031476,2.6100870057006094,2.360487981757929,4.123075225311586,-0.09123555242324632,56.0,9.428571428571429,-0.010425000982469812,-0.020210963526074436,-0.038520368961896256,0.3761710458639034,0.4007936507936508,0.0073707735563563765,-0.006837236679884133,1.7849415287286572,16.726928622819877,16.726928622819877,0.5932892753334112,0.6111111111111112,4.123075225311586,0.6340432256297002,277.08818112644553,9.0,0.5555555555555556,0.03853192933582409,30.787575680716177,18.0
2021,MACD + volatility targeting,0.04410079420610025,0.044461330409488076,0.11925538387096651,0.42495101744063823,0.33231461288181574,0.5940050622506028,-0.0748500866996491,240.0,121.0,-0.007421969581134351,-0.021699766757933357,-0.02690351480142672,0.04410079420610025,0.324,0.006125010733170858,-0.006369291094539303,1.112763149715116,30.0,30.24,0.5354437237542111,0.544,0.5891882848855403,0.08236307990855109,51.389093803732244,16.0,0.5,0.0029167428297726394,3.211818362733265,9.4375
2022,MACD + volatility targeting,-0.0998807651259801,-0.10102122015446902,0.13542091720197622,-0.7183787115302755,-0.6344101871128937,-0.4980154376900584,-0.20284756758351719,145.0,40.333333333333336,-0.014131968600320118,-0.025132988547527903,-0.06607807697084589,-0.0998807651259801,0.24899598393574296,0.007581067493135228,-0.007650696643724898,0.8302126581062139,20.592144901431567,20.840243032774115,0.4710034559274985,0.5060240963855421,-0.4923932109013671,-0.21205951648336682,-112.15966215866328,10.0,0.3,-0.009377987860533787,-11.215966215866334,13.6
2023,MACD + volatility targeting,0.06664927300569623,0.06747878301264998,0.10718961528953742,0.6627867660430491,0.6453538112740693,0.7838860795621707,-0.08608238463724138,121.0,45.8,-0.011678036197916497,-0.018005932718243498,-0.056852510927656974,0.06664927300569623,0.3293172690763052,0.006119802399820476,-0.006079235190620036,1.1626365123524338,23.32518468232966,23.60621100380351,0.5658515901418409,0.570281124497992,0.7742498455004707,0.11778578370521038,74.64618221772432,12.0,0.5833333333333334,0.005804991873752839,6.220515184810356,12.75
2024,MACD + volatility targeting,0.13626625238918666,0.13742808890508895,0.0746570913042893,1.7623230051294907,2.158911751228811,4.230473153603862,-0.03248527621266584,47.0,12.588235294117647,-0.005980434289458314,-0.009869885912059822,-0.020532174442335682,0.13626625238918666,0.272,0.005513856253137071,-0.0035943606079806485,1.5340297912498038,20.0,20.16,0.504,0.504,4.194708134759746,0.2703695483912434,154.08046500000006,11.0,0.45454545454545453,0.01186845101696431,14.007315000000006,12.363636363636363
2025,MACD + volatility targeting,0.29680421210414054,0.3008713383679227,0.12354779754868608,2.1924116678879044,1.6291226021490717,3.283255987316074,-0.09163809935328027,54.0,8.173913043478262,-0.008663237248340127,-0.021611697703975145,-0.029964982779315807,0.29680421210414054,0.39357429718875503,0.006846261049277687,-0.007201617225336688,1.6636481031072603,14.125392861828885,14.295578317995497,0.5804178940044178,0.5903614457831325,3.238873505657406,0.5113629596365984,351.2827015793116,8.0,0.625,0.03417939553606515,43.910337697413944,19.25
2026,MACD + volatility targeting,0.1955535135179458,0.45510704109602007,0.12088374130261072,3.164414317778637,4.545759261254601,12.73629145087183,-0.03573308940451947,30.0,9.7,-0.009053430619184299,-0.013798987422988443,-0.02797214379212376,0.1955535135179458,0.30833333333333335,0.009092316051192779,-0.005713345950847422,2.180830746429669,8.642038615893242,18.148281093375807,0.4905433003588709,0.5,5.472617027432632,0.39864679300457895,320.58762270148304,5.0,0.8,0.03785731676818438,64.11752454029661,12.8
2006,MACD + tail-risk gate,0.4365796949934515,0.44286355084728735,0.12914373449554337,2.9046523079771545,3.439810838736256,7.1061733191027505,-0.062320961079964876,60.0,13.3125,-0.005239933811362363,-0.014698482984875126,-0.042277381799543434,0.4365796949934515,0.17670682730923695,0.014082547527746408,-0.004979602620499856,2.4886808785502765,38.0,38.4578313253012,0.30120481927710846,0.30120481927710846,7.005342783999594,1.4494445873782589,168.99789999999993,19.0,0.6842105263157895,0.019750022170389948,8.89462631578947,4.947368421052632
2007,MACD + tail-risk gate,0.15348879004244864,0.1561484307541523,0.10157795699097015,1.4790761658686493,1.4061467591984176,2.0123072311220827,-0.07759671502401866,84.0,18.5,-0.007167905218184717,-0.014229256259088961,-0.041493505047331736,0.15348879004244864,0.15725806451612903,0.009943904401678872,-0.006665431188192485,1.6161839793503372,21.0,21.338709677419356,0.2620967741935484,0.2620967741935484,1.9780320596682341,0.5856187681619579,145.32400499999977,11.0,0.5454545454545454,0.013755852653175431,13.21127318181816,6.818181818181818
2008,MACD + tail-risk gate,-0.01882082407692709,-0.019353324973940378,0.07811022960339392,-0.21135087860996843,-0.15343440563188665,-0.17731013518423236,-0.10914956978534529,180.0,121.0,-0.006326977422083235,-0.013570284161386363,-0.058515238532812486,-0.01882082407692709,0.061224489795918366,0.012869615809641665,-0.007744234398287169,0.9232399477078574,13.0,13.371428571428572,0.14285714285714285,0.14285714285714285,-0.17243150031594556,-0.13174576853848963,-39.061054999999946,7.0,0.5714285714285714,-0.0019522043114941529,-5.580150714285706,6.0
2009,MACD + tail-risk gate,0.12973501126158893,0.1302841828676904,0.09855552458612503,1.2919230556075711,0.9569854877255536,1.7696923990797395,-0.07361967703282202,144.0,28.625,-0.006491539043297412,-0.015458973472094219,-0.03772192428852361,0.12973501126158893,0.11952191235059761,0.01178121910811609,-0.007310183267448655,1.5596298156868211,16.0,16.06374501992032,0.21115537848605578,0.21115537848605578,1.7622328226697992,0.6144054306916759,59.3616,8.0,0.625,0.016217452584155398,7.4201999999999995,7.625
2010,MACD + tail-risk gate,-0.047521346532104713,-0.047892265361029196,0.1109427135705225,-0.3868331452198175,-0.34535664483345563,-0.3686731251035009,-0.129904411523308,169.0,43.8,-0.012813270218279054,-0.02024787354051657,-0.03153332406579479,-0.047521346532104713,0.236,0.007030713194924114,-0.00672629105331223,0.9069155016721697,32.0,32.256,0.452,0.452,-0.3658178038363095,-0.10513572241616087,-21.847274999999954,16.0,0.3125,-0.0027133060832964795,-1.365454687499997,8.0625
2011,MACD + tail-risk gate,0.04005333862117433,0.04071233720789924,0.11509511174309699,0.4038955122035638,0.45715787788655,0.4997068623767217,-0.08147243969046558,85.0,32.285714285714285,-0.013388535595482021,-0.016461937400951573,-0.044656945725623176,0.04005333862117433,0.1532258064516129,0.012172015637872015,-0.006412124222776586,1.109764464388007,32.0,32.516129032258064,0.35080645161290325,0.35080645161290325,0.4916182548767055,0.11417503423047394,19.916955000000044,16.0,0.5,0.0027042984193861933,1.2448096875000028,6.4375
2012,MACD + tail-risk gate,0.047188495702553235,0.047574845048925285,0.11973758272973666,0.4480563218740628,0.4319667456289215,0.3645360302953276,-0.13050793637705083,195.0,77.66666666666667,-0.011986030765247662,-0.019368002247680427,-0.03600243071293496,0.047188495702553235,0.26,0.00803191048536054,-0.006697868397007446,1.1135188318840867,23.0,23.184,0.5,0.5,0.36157567893971465,0.09437699140510647,13.179004999999869,12.0,0.4166666666666667,0.004595284742552423,1.0982504166666553,11.333333333333334
2013,MACD + tail-risk gate,0.1680220024213508,0.16947416445314833,0.10321725493695666,1.5684746659236912,1.8182770780676145,2.911683804424942,-0.05820486558176241,60.0,23.1,-0.009461708309456454,-0.0150514035884409,-0.0209933652413532,0.1680220024213508,0.288,0.007209464716691659,-0.005195256237402378,1.4480363163252474,21.0,21.168,0.52,0.52,2.8867346525407642,0.3231192354256746,73.1645850000001,11.0,0.45454545454545453,0.014741383330450275,6.651325909090917,12.818181818181818
2014,MACD + tail-risk gate,0.06496370751520586,0.06632144644615345,0.09238691440231793,0.7412640444746806,0.7223882695734513,0.6694969211945053,-0.09906161529140989,85.0,27.25,-0.009795523551413287,-0.015119492550801288,-0.021764657507886143,0.06496370751520586,0.2631578947368421,0.006561995581909767,-0.005285373626783474,1.1867648760041913,27.0,27.546558704453442,0.48582995951417,0.48582995951417,0.6557909168359702,0.1337169646354654,30.410859999999744,14.0,0.5,0.0049728216911485755,2.1722042857142676,9.5
2015,MACD + tail-risk gate,0.22961640004406414,0.2337226682571798,0.10080428004478029,2.1345448688771875,2.870439544083809,5.649294666757386,-0.041372008727477705,40.0,10.0,-0.00857994269509149,-0.01226220774673867,-0.0074661558971935715,0.22961640004406414,0.29435483870967744,0.007789847540692775,-0.004889082582813328,1.5933147801750278,16.0,16.258064516129032,0.5564516129032258,0.5564516129032258,5.550042337962713,0.4126439652965791,120.09966500000016,9.0,0.7777777777777778,0.023503167779523312,13.344407222222237,16.22222222222222
2016,MACD + tail-risk gate,0.04804837955137908,0.04824435263997473,0.08802784692719329,0.5790847855848514,0.6921686381040704,0.9822432907762777,-0.04911650004943957,66.0,16.214285714285715,-0.009145526307777235,-0.012821238500264488,-0.03326256843341435,0.04804837955137908,0.2788844621513944,0.005942060613838625,-0.005450312540003409,1.1390398227290934,20.0,20.0796812749004,0.5059760956175299,0.5059760956175299,0.978253326336662,0.09496175801099331,27.348504999999978,11.0,0.45454545454545453,0.004557436774645,2.486227727272726,12.454545454545455
2017,MACD + tail-risk gate,0.36517943469827463,0.3685833599023298,0.07552012013142424,4.195038887627845,4.796921263736567,12.540460015321322,-0.029391534238139005,23.0,6.448275862068965,-0.00465557550668054,-0.009977706424805995,-0.00712603302908843,0.36517943469827463,0.408,0.00518902970452962,-0.003307470045043747,2.4619376635027463,16.0,16.128,0.636,0.636,12.424646897963257,0.5741815010979161,252.65753500000005,9.0,0.7777777777777778,0.03640400112989531,28.073059444444457,18.555555555555557
2018,MACD + tail-risk gate,0.18545577984238792,0.18871312461112622,0.10609980124186846,1.68279126237109,1.541103418569678,3.498975466624314,-0.05393382331805541,83.0,15.142857142857142,-0.010979817016399235,-0.017824805424664244,-0.048554525849572205,0.18545577984238792,0.33064516129032256,0.006465496903916713,-0.006329659937797038,1.4957098556954624,21.0,21.338709677419356,0.5120967741935484,0.5120967741935484,3.438580253224936,0.36214986929852133,173.66196999999983,11.0,0.7272727272727273,0.016090666674515378,15.787451818181802,12.545454545454545
2019,MACD + tail-risk gate,0.0545265628893985,0.05497455266165274,0.07809586559713694,0.7242546016577782,0.7479336384022541,1.0765573519418843,-0.05106514071218793,209.0,32.42857142857143,-0.00670382836219115,-0.01215163559967495,-0.028176404246061604,0.0545265628893985,0.244,0.0057141133815021145,-0.004006144183146176,1.1918709996264436,21.0,21.168,0.496,0.496,1.0677844441224544,0.10993258647056149,49.63470000000014,11.0,0.36363636363636365,0.005364640531327993,4.512245454545465,12.181818181818182
2020,MACD + tail-risk gate,0.3079942387612349,0.3079942387612349,0.11160394069585594,2.4628292545249284,2.233409431996162,4.128885879451552,-0.0745949991725483,69.0,10.736842105263158,-0.00910781665504705,-0.01722646228764254,-0.038049686716367104,0.3079942387612349,0.3333333333333333,0.007452690755643342,-0.005951941922169857,1.7827140630915947,20.0,20.0,0.5277777777777778,0.5277777777777778,4.128885879451552,0.5835680313370766,244.80894000000006,11.0,0.6363636363636364,0.02553880299558037,22.255358181818192,13.0
2021,MACD + tail-risk gate,0.028320110685989386,0.02854987548827559,0.11805254908761151,0.2980174828434427,0.23035498138649066,0.3213884246321856,-0.08883293018704586,240.0,121.0,-0.006859247071204516,-0.021427466173461005,-0.02690351480142672,0.028320110685989386,0.292,0.006447235929672584,-0.006224938848167311,1.080098327861285,32.0,32.256,0.508,0.508,0.31880194232430253,0.05574824938186887,32.18359500000034,17.0,0.47058823529411764,0.0018422820954134833,1.8931526470588433,8.411764705882353
2022,MACD + tail-risk gate,-0.13535863850365992,-0.13687241838999054,0.1010670666023589,-1.405035827466706,-0.9433873077826272,-0.863649428996505,-0.1584814553157592,189.0,81.66666666666667,-0.011012652274042222,-0.020670140721829884,-0.07306132516829267,-0.13535863850365992,0.15261044176706828,0.006352309593104588,-0.007068520444028201,0.6324016211224006,19.0,19.2289156626506,0.3293172690763052,0.3293172690763052,-0.8540976496838115,-0.4110280608220893,-161.13945500000003,10.0,0.2,-0.013806747396381824,-16.113945500000007,9.2
2023,MACD + tail-risk gate,0.028528879412464292,0.028877516948176307,0.10121222961707535,0.33190466490655396,0.29841501273844784,0.3307712111933305,-0.08730359829077705,122.0,45.6,-0.011678036197916497,-0.018005932718243498,-0.058112782719766054,0.028528879412464292,0.30120481927710846,0.005905134017944999,-0.00611480827774466,1.0810191173142427,23.0,23.277108433734938,0.5261044176706827,0.5261044176706827,0.3267778186810216,0.05422664865422602,35.17881000000042,12.0,0.5,0.0027720891884558765,2.931567500000034,11.833333333333334
2024,MACD + tail-risk gate,0.13626625238918666,0.13742808890508895,0.0746570913042893,1.7623230051294907,2.158911751228811,4.230473153603862,-0.03248527621266584,47.0,12.588235294117647,-0.005980434289458314,-0.009869885912059822,-0.020532174442335682,0.13626625238918666,0.272,0.005513856253137071,-0.0035943606079806485,1.5340297912498038,20.0,20.16,0.504,0.504,4.194708134759746,0.2703695483912434,154.08046500000006,11.0,0.45454545454545453,0.01186845101696431,14.007315000000006,12.363636363636363
2025,MACD + tail-risk gate,0.27446908761759703,0.27819858918313667,0.12047959317233421,2.0990470226631293,1.475911235640442,2.594027685476701,-0.10724580571776454,54.0,9.047619047619047,-0.007895981183843692,-0.020807633427370912,-0.029964982779315807,0.27446908761759703,0.3614457831325301,0.006906836226723646,-0.007288893177592519,1.6722064956607603,14.0,14.16867469879518,0.5381526104417671,0.5381526104417671,2.5592524181310066,0.5100209165431467,324.8789549999997,8.0,0.625,0.03186065525708158,40.60986937499997,17.625
2026,MACD + tail-risk gate,0.16932137419390147,0.3888686193508295,0.11671698341772899,2.873457160518012,3.7813270177562353,9.928827301657705,-0.039165614179421215,30.0,9.9,-0.009053430619184299,-0.013798987422988443,-0.033488342471800214,0.16932137419390147,0.26666666666666666,0.009256312102096823,-0.00545986517152707,2.1700315151500607,10.0,21.0,0.43333333333333335,0.43333333333333335,4.323215089088734,0.3907416327551572,282.50883499999986,6.0,0.8333333333333334,0.026910318780979086,47.08480583333331,9.5
2006,MACD + full defensive exposure,0.43674912706436264,0.44303577444614173,0.1286398110020306,2.9164530992123505,3.4842608316951096,7.108936813052014,-0.06232096107996454,60.0,13.3125,-0.005239933811362363,-0.014563133778596894,-0.042277381799543434,0.43674912706436264,0.17670682730923695,0.014044169675464764,-0.0049447564656580545,2.4993888779443174,37.87792474101386,38.33428528006222,0.3000501222103326,0.30120481927710846,7.008061485187403,1.4555872327164232,168.9890765522,19.0,0.6842105263157895,0.019749397794798163,8.8941619238,4.947368421052632
2007,MACD + full defensive exposure,0.14967982702811367,0.15226921215496514,0.10057086654779286,1.4594575616741898,1.3792002906072283,1.9608977496412323,-0.07765280580429268,84.0,18.5,-0.007167905218184717,-0.014138515581703703,-0.041493505047331736,0.14967982702811367,0.15725806451612903,0.00982483013163946,-0.0066310913183709975,1.6051001961706448,21.30215209228584,21.645735190548518,0.2604216205987348,0.2620967741935484,1.9275520759075946,0.5747596020790635,141.75318888499223,11.0,0.5454545454545454,0.013442398382907577,12.886653534999294,6.818181818181818
2008,MACD + full defensive exposure,-0.03421926562201294,-0.03517955907714776,0.05636793995636582,-0.6071908074390742,-0.385588833792057,-0.42711062040110565,-0.08236638799594853,180.0,121.0,-0.00543462092359308,-0.010822065427020622,-0.04356274945524363,-0.03421926562201294,0.061224489795918366,0.008484525836066422,-0.0059460465798644785,0.7927326840061145,8.0,8.22857142857143,0.10612244897959183,0.14285714285714285,-0.415451817842202,-0.3224507722074296,-41.564062499999935,7.0,0.5714285714285714,-0.004661240749546864,-5.937723214285701,6.0
2009,MACD + full defensive exposure,0.11576921894736314,0.11625628091548723,0.09109165348012321,1.252982735664597,0.8783082456377974,1.579146847705634,-0.07361967703282168,144.0,28.75,-0.005988292290050629,-0.014331177501248925,-0.030758744714488695,0.11576921894736314,0.11952191235059761,0.010774705865023344,-0.00675992995096885,1.5424915322669377,15.031908552677471,15.091796634560648,0.19675620263628307,0.21115537848605578,1.5725309266943677,0.5883891709445636,56.64277348361361,8.0,0.625,0.01455425783763567,7.080346685451701,7.625
2010,MACD + full defensive exposure,-0.05573463915515209,-0.0561677540095038,0.09273445238792957,-0.5768156900692857,-0.47081241445461786,-0.5065614086879385,-0.11088044419922505,169.0,55.0,-0.009397630306895718,-0.01792565660386258,-0.03327621635989009,-0.05573463915515209,0.232,0.005494145896995579,-0.005387342317536381,0.8572441276949355,29.0,29.232,0.364,0.452,-0.502655265837595,-0.15311714053613212,-26.65592749999999,16.0,0.3125,-0.00341799418708872,-1.6659954687499994,8.0625
2011,MACD + full defensive exposure,0.012222065738725085,0.012420415052855294,0.08024688844882807,0.19379795279879153,0.1885108922137183,0.16866165442836797,-0.07364101280134394,88.0,37.833333333333336,-0.007411643472856764,-0.012275402820513861,-0.044656945725623176,0.012222065738725085,0.1532258064516129,0.007780771303809237,-0.004313299676172954,1.0545890501206134,22.0,22.35483870967742,0.22782258064516128,0.35080645161290325,0.16596819182397277,0.053647297401837546,6.85398000000003,16.0,0.5,0.0008803094424571709,0.42837375000000233,6.4375
2012,MACD + full defensive exposure,-0.04038342660667882,-0.04069982893373669,0.0959502792083206,-0.38488337098241515,-0.2707445551556607,-0.34185034116239577,-0.11905744717218891,195.0,77.66666666666667,-0.00714997049676608,-0.016804289172573095,-0.03513957381184596,-0.04038342660667882,0.168,0.006488826447746967,-0.006183345702385276,0.8814991880536186,19.0,19.152,0.23776436485860786,0.332,-0.3391927810133001,-0.16984642181638013,-21.681553257991588,9.0,0.3333333333333333,-0.004149643731667275,-2.4090614731101763,10.222222222222221
2013,MACD + full defensive exposure,0.0,0.0,0.0,,,,0.0,0.0,0.0,0.0,0.0,0.0,0.0,0.0,0.0,0.0,,0.0,0.0,0.0,0.0,,,0.0,0.0,,,,
2014,MACD + full defensive exposure,0.0,0.0,0.0,,,,0.0,0.0,0.0,0.0,0.0,0.0,0.0,0.0,0.0,0.0,,0.0,0.0,0.0,0.0,,,0.0,0.0,,,,
2015,MACD + full defensive exposure,0.0,0.0,0.0,,,,0.0,0.0,0.0,0.0,0.0,0.0,0.0,0.0,0.0,0.0,,0.0,0.0,0.0,0.0,,,0.0,0.0,,,,
2016,MACD + full defensive exposure,0.0,0.0,0.0,,,,0.0,0.0,0.0,0.0,0.0,0.0,0.0,0.0,0.0,0.0,,0.0,0.0,0.0,0.0,,,0.0,0.0,,,,
2017,MACD + full defensive exposure,0.0,0.0,0.0,,,,0.0,0.0,0.0,0.0,0.0,0.0,0.0,0.0,0.0,0.0,,0.0,0.0,0.0,0.0,,,0.0,0.0,,,,
2018,MACD + full defensive exposure,0.0,0.0,0.0,,,,0.0,0.0,0.0,0.0,0.0,0.0,0.0,0.0,0.0,0.0,,0.0,0.0,0.0,0.0,,,0.0,0.0,,,,
2019,MACD + full defensive exposure,0.0,0.0,0.0,,,,0.0,0.0,0.0,0.0,0.0,0.0,0.0,0.0,0.0,0.0,,0.0,0.0,0.0,0.0,,,0.0,0.0,,,,
2020,MACD + full defensive exposure,0.0,0.0,0.0,,,,0.0,0.0,0.0,0.0,0.0,0.0,0.0,0.0,0.0,0.0,,0.0,0.0,0.0,0.0,,,0.0,0.0,,,,
2021,MACD + full defensive exposure,0.0,0.0,0.0,,,,0.0,0.0,0.0,0.0,0.0,0.0,0.0,0.0,0.0,0.0,,0.0,0.0,0.0,0.0,,,0.0,0.0,,,,
2022,MACD + full defensive exposure,0.0,0.0,0.0,,,,0.0,0.0,0.0,0.0,0.0,0.0,0.0,0.0,0.0,0.0,,0.0,0.0,0.0,0.0,,,0.0,0.0,,,,
2023,MACD + full defensive exposure,0.0,0.0,0.0,,,,0.0,0.0,0.0,0.0,0.0,0.0,0.0,0.0,0.0,0.0,,0.0,0.0,0.0,0.0,,,0.0,0.0,,,,
2024,MACD + full defensive exposure,0.0,0.0,0.0,,,,0.0,0.0,0.0,0.0,0.0,0.0,0.0,0.0,0.0,0.0,,0.0,0.0,0.0,0.0,,,0.0,0.0,,,,
2025,MACD + full defensive exposure,0.0,0.0,0.0,,,,0.0,0.0,0.0,0.0,0.0,0.0,0.0,0.0,0.0,0.0,,0.0,0.0,0.0,0.0,,,0.0,0.0,,,,
2026,MACD + full defensive exposure,0.0,0.0,0.0,,,,0.0,0.0,0.0,0.0,0.0,0.0,0.0,0.0,0.0,0.0,,0.0,0.0,0.0,0.0,,,0.0,0.0,,,,
